2026-03-08 17:56:50,Chris Obermeier,Approve
2026-03-08 17:56:50,Chris Obermeier,Approve
2026-03-08 17:56:50,Chris Obermeier,Approve
2026-03-08 17:56:50,Chris Obermeier,Approve
2026-03-08 17:56:50,Chris Obermeier,Approve
2026-03-08 17:58:25,Chris Obermeier,Approve
2026-03-08 18:01:53,Chris Obermeier,Approve
2026-03-08 18:02:43,Chris Obermeier,Approve
2026-03-08 17:56:50,Chris Obermeier,Approve
2026-03-08 17:56:50,Chris Obermeier,Approve
2026-03-08 17:58:25,Chris Obermeier,Approve
2026-03-08 17:56:50,Chris Obermeier,Approve
2026-03-08 17:56:50,Chris Obermeier,Approve
2026-03-08 17:56:50,Chris Obermeier,Approve
2026-03-08 17:56:50,Chris Obermeier,Approve
2026-03-08 17:56:50,Chris Obermeier,Deny
2026-03-08 17:56:50,Chris Obermeier,Approve
2026-03-08 17:58:25,Chris Obermeier,Approve
2026-03-08 17:56:50,Chris Obermeier,Approve
2026-03-08 17:56:50,Chris Obermeier,Approve
2026-03-08 17:56:50,Chris Obermeier,Approve
2026-03-08 17:56:50,Chris Obermeier,Approve
2026-03-08 17:56:50,Chris Obermeier,Approve
2026-03-08 17:56:50,Chris Obermeier,Approve
2026-03-08 17:56:50,Chris Obermeier,Approve
2026-03-08 17:56:50,Chris Obermeier,Approve
2026-03-08 17:56:50,Chris Obermeier,Approve
2026-03-08 17:56:50,Chris Obermeier,Approve
2026-03-08 17:56:50,Chris Obermeier,Approve
2026-03-08 17:58:25,Chris Obermeier,Approve
2026-03-08 17:56:50,Chris Obermeier,Approve
2026-03-08 17:56:50,Chris Obermeier,Approve
2026-03-08 17:58:25,Chris Obermeier,Approve
2026-03-08 17:56:50,Chris Obermeier,Approve
2026-03-08 17:58:25,Chris Obermeier,Approve
2026-03-08 17:58:53,Chris Obermeier,Approve
2026-03-08 18:01:53,Chris Obermeier,Approve
2026-03-08 21:39:51,Chris Obermeier,Approve
2026-03-08 21:44:02,Chris Obermeier,Approve
2026-03-08 21:50:27,Chris Obermeier,Approve
2026-03-08 21:54:04,Chris Obermeier,Approve
2026-03-08 21:54:26,Chris Obermeier,Approve
2026-03-08 22:00:01,Chris Obermeier,Approve
2026-03-08 22:01:26,Chris Obermeier,Approve
2026-03-08 22:06:39,Chris Obermeier,Approve
HR,Chris Obermeier,Approve
2026-03-08 22:43:08,Chris Obermeier,Approve
2026-03-08 22:43:47,Chris Obermeier,Approve
2026-03-08 22:44:04,Chris Obermeier,Approve
2026-03-08 22:44:22,Chris Obermeier,Approve
2026-03-08 22:44:29,Chris Obermeier,Approve
2026-03-08 22:46:19,Chris Obermeier,Approve
2026-03-08 22:46:33,Chris Obermeier,Approve
2026-03-08 22:46:37,Chris Obermeier,Approve
2026-03-08 22:46:38,Chris Obermeier,Approve
2026-03-08 22:46:39,Chris Obermeier,Approve
2026-03-08 22:46:40,Chris Obermeier,Approve
2026-03-08 22:46:56,Chris Obermeier,Approve
2026-03-08 22:49:23,Chris Obermeier,Approve
2026-03-08 23:04:06,Chris Obermeier,Approve
HR,Chris Obermeier,Approve
2026-03-08 23:38:09,Chris Obermeier,Approve
